<?xml version="1.0" encoding="UTF-8"?>
<faces-config xmlns="http://xmlns.jcp.org/xml/ns/javaee"
	xmlns:xsi="http://www.w3.org/2001/XMLSchema-instance"
	xsi:schemaLocation="http://xmlns.jcp.org/xml/ns/javaee http://xmlns.jcp.org/xml/ns/javaee/web-facesconfig_2_3.xsd"
	version="2.3">
	<!-- / -->
	<navigation-rule>
		<from-view-id>/index.xhtml</from-view-id>
		<navigation-case>
			<from-outcome>admin</from-outcome>
			<to-view-id>/admin/index.xhtml</to-view-id>
			<redirect />
		</navigation-case>
	</navigation-rule>
	<!-- /user -->
	<navigation-rule>
		<from-view-id>/user/reservation_list.xhtml</from-view-id>
		<navigation-case>
			<from-outcome>new</from-outcome>
			<to-view-id>/user/reservation_new.xhtml</to-view-id>
			<redirect />
		</navigation-case>
		<navigation-case>
			<from-outcome>edit</from-outcome>
			<to-view-id>/user/reservation_edit.xhtml</to-view-id>
			<redirect />
		</navigation-case>
		<navigation-case>
			<from-outcome>login</from-outcome>
			<to-view-id>/guest/login.xhtml</to-view-id>
			<redirect />
		</navigation-case>
	</navigation-rule>
	<!-- /admin/room_* -->
	<navigation-rule>
		<from-view-id>/admin/room_list.xhtml</from-view-id>
		<navigation-case>
			<from-outcome>new</from-outcome>
			<to-view-id>/admin/room_new.xhtml</to-view-id>
			<redirect />
		</navigation-case>
		<navigation-case>
			<from-outcome>delete</from-outcome>
			<to-view-id>/admin/room_list.xhtml</to-view-id>
			<redirect />
		</navigation-case>
		<navigation-case>
			<from-outcome>edit</from-outcome>
			<to-view-id>/admin/room_edit.xhtml</to-view-id>
			<redirect />
		</navigation-case>
	</navigation-rule>
	<navigation-rule>
		<from-view-id>/admin/room_new.xhtml</from-view-id>
		<navigation-case>
			<from-outcome>insert</from-outcome>
			<to-view-id>/admin/room_list.xhtml</to-view-id>
			<redirect />
		</navigation-case>
	</navigation-rule>
	<navigation-rule>
		<display-name>admin/room_edit.xhtml</display-name>
		<from-view-id>/admin/room_edit.xhtml</from-view-id>
		<navigation-case>
			<from-outcome>update</from-outcome>
			<to-view-id>/admin/room_list.xhtml</to-view-id>
			<redirect />
		</navigation-case>
	</navigation-rule>
	<!-- /admin/user_* -->
	<navigation-rule>
		<from-view-id>/admin/user_list.xhtml</from-view-id>
		<navigation-case>
			<from-outcome>new</from-outcome>
			<to-view-id>/admin/user_new.xhtml</to-view-id>
			<redirect />
		</navigation-case>
		<navigation-case>
			<from-outcome>delete</from-outcome>
			<to-view-id>/admin/user_list.xhtml</to-view-id>
			<redirect />
		</navigation-case>
		<navigation-case>
			<from-outcome>edit</from-outcome>
			<to-view-id>/admin/user_edit.xhtml</to-view-id>
			<redirect />
		</navigation-case>
	</navigation-rule>
	<navigation-rule>
		<from-view-id>/admin/user_new.xhtml</from-view-id>
		<navigation-case>
			<from-outcome>insert</from-outcome>
			<to-view-id>/admin/user_list.xhtml</to-view-id>
			<redirect />
		</navigation-case>
	</navigation-rule>
	<navigation-rule>
		<display-name>admin/user_edit.xhtml</display-name>
		<from-view-id>/admin/user_edit.xhtml</from-view-id>
		<navigation-case>
			<from-outcome>update</from-outcome>
			<to-view-id>/admin/user_list.xhtml</to-view-id>
			<redirect />
		</navigation-case>
	</navigation-rule>
	<!-- /admin/service_* -->
	<navigation-rule>
		<from-view-id>/admin/service_list.xhtml</from-view-id>
		<navigation-case>
			<from-outcome>new</from-outcome>
			<to-view-id>/admin/service_new.xhtml</to-view-id>
			<redirect />
		</navigation-case>
		<navigation-case>
			<from-outcome>delete</from-outcome>
			<to-view-id>/admin/service_list.xhtml</to-view-id>
			<redirect />
		</navigation-case>
		<navigation-case>
			<from-outcome>edit</from-outcome>
			<to-view-id>/admin/service_edit.xhtml</to-view-id>
			<redirect />
		</navigation-case>
	</navigation-rule>
	<navigation-rule>
		<from-view-id>/admin/service_new.xhtml</from-view-id>
		<navigation-case>
			<from-outcome>insert</from-outcome>
			<to-view-id>/admin/service_list.xhtml</to-view-id>
			<redirect />
		</navigation-case>
	</navigation-rule>
	<navigation-rule>
		<display-name>admin/service_edit.xhtml</display-name>
		<from-view-id>/admin/service_edit.xhtml</from-view-id>
		<navigation-case>
			<from-outcome>update</from-outcome>
			<to-view-id>/admin/service_list.xhtml</to-view-id>
			<redirect />
		</navigation-case>
	</navigation-rule>
</faces-config>
